marker1,marker2,marker3,marker4,marker5,marker6,marker7,marker8,marker9,marker10,marker11,marker12,marker13,marker14,marker15,marker16,marker17,marker18,marker19,marker20,marker21,marker22,marker23,marker24,marker25,marker26,marker27,marker28,marker29,marker30,marker31,marker32,marker33,marker34,marker35,Phenotype
365851.5416,172795.508,110349.3794,3787278.502,37647.2445,997104.0481,543734.0921,327749.1266,1628949.852,760475.8055,1672.504601,1704.738304,146738.6449,299228.7907,422605.9413,487287.2276,4958807.657,139172.6086,1078.19784,46865.06758,1222.674211,102424.2123,395688.309,78608.92357,29633.42391,7513308.109,20386.63867,53576.42062,5908.501721,16064648.99,188217.4837,463016.8919,15251.0361,450.7935883,161754.182,0
341114.6007,119855.9971,118502.2648,6268500.983,53208.43931,837205.8708,1034199.257,308437.5921,1330074.704,868337.202,1787.908346,1470.31168,73203.73778,280447.3551,901322.293,801130.2698,4332631.947,165953.3204,1388.047779,32957.77379,177.9625327,82438.36913,391613.106,68233.52975,47792.77392,10359842.62,27267.79146,91364.27732,5397.468942,22425186.45,210307.1096,471949.7525,59149.26653,1346.714926,96053.88408,0
363494.0528,133307.5883,139401.5017,5858416.264,84250.35793,1043679.257,1018974.795,477216.4928,1094783.576,793108.9438,2511.505159,1611.420585,65585.90267,244358.0072,803964.3984,619848.2931,4977352.499,148272.614,1218.243956,35502.93858,334.7003119,75305.57485,541394.1828,61193.49212,65038.70294,9448565.129,29846.02091,97595.22139,1747.286025,19950849.53,197413.0054,497675.9034,34553.46467,551.8550406,99840.0633,2
324410.7369,125781.8162,136655.8879,7301336.032,72749.50904,520129.3051,859039.4424,294502.3932,2424310.951,462597.6298,2096.051675,1405.783517,91552.88704,277535.8438,670640.1868,697745.4419,4011951.615,250905.8683,2565.078221,41703.0391,1502.789294,64239.77388,632752.0572,249658.9134,86166.30431,8314682.903,23512.92011,92020.67482,3633.024626,19687782.56,247349.0765,395853.9964,20722.4066,1213.914401,121842.5976,1
319958.6437,146761.2067,102458.7546,3857155.697,44878.57878,1028085.156,1086763.254,318263.7861,1136871.581,1014844.524,1117.446769,1601.186897,119964.8218,559049.216,856310.5092,493563.6931,5087778.391,139842.6237,1576.438471,67961.9526,192.5668271,79967.12937,550706.0807,178045.0411,47392.00617,11069748.71,21967.99894,81701.89033,4591.120839,24163402.6,214830.3454,378275.0524,39495.6808,1302.754718,192441.3656,1
432550.9578,161545.2097,114071.6416,8951440.539,32207.62964,596606.4524,855663.415,421559.83,898722.3438,690293.2097,1766.793571,1629.389541,56760.12483,466640.7404,655099.4191,442985.0196,5336343.013,187560.3906,1669.623997,23017.43169,286.301334,84693.19904,414691.7679,40677.49346,21267.36824,9523863.822,21587.40042,133930.2427,2399.39995,20759701.22,214872.1323,710494.5354,21576.66463,1794.714843,82910.02526,1
379684.7675,151122.3564,117337.808,4336088.602,57653.76823,830968.7784,981269.1313,341882.9652,864836.7789,882079.5969,1710.463186,1469.734784,151090.3893,276314.1588,774004.3221,412320.1454,4952147.497,144813.9886,1073.694424,50735.71637,261.2842508,99466.35068,417409.136,152743.4711,29610.76294,9728766.945,27122.74759,86141.50839,5128.164251,23697099.79,245627.141,542188.8557,53384.90222,2037.678755,165426.9162,0
326454.9077,174247.7263,94308.09013,4390616.49,38403.38527,753051.0468,786699.4698,416352.6821,960869.6432,1144171.454,3458.209877,1740.745169,104746.6411,239707.4267,608037.8558,910760.0203,5992110.69,136030.7377,1438.98502,47990.44335,230.4670446,118097.0135,511944.3623,118463.6682,50605.49119,10937929.21,23643.23174,90775.23071,6145.020084,29696243.9,293016.2218,659346.7045,18527.39999,549.9166049,129136.8626,2
431164.4945,150866.3262,165598.6788,6056994.662,51967.49237,881544.7538,1092818.493,384789.4941,1347825.057,861551.3967,2664.064831,1719.689237,85676.91937,263857.3857,915272.6794,578057.5098,5096241.768,180044.2592,1425.669966,44849.86325,372.2458966,82550.96603,602694.2171,86800.50426,45866.01331,8370216.924,25771.20335,91278.95076,3449.898522,19198089.25,206868.4341,512461.9636,13230.02403,1441.135724,142581.1537,0
339589.6182,143760.5802,104989.6733,5622901.262,47162.22658,920816.5289,814847.0909,352560.4818,2024930.874,509645.0132,2132.639777,1880.37219,122955.3047,290233.9944,631088.3009,542228.2272,5010510.596,152448.9928,2529.173033,53445.74599,640.6393717,81692.19694,643642.9379,559762.8639,42841.31663,9332140.91,20339.71524,65782.04005,5452.344477,19758914.01,227585.3069,470368.9699,46531.37072,1351.653299,157041.3318,0
236877.9392,144814.6349,111016.7187,2255968.11,58464.34552,1103455.5,871408.3833,320386.0342,1181443.353,719092.9133,3241.360397,2059.938942,62487.98114,170731.0402,650330.6983,721751.3166,4330293.915,238025.293,963.2619947,43976.9947,210.1293099,79843.76773,281618.1512,27845.18044,45712.90973,6863444.592,19374.02476,72178.33826,4165.248691,18607588.3,186507.4427,457813.353,14880.71418,1445.459127,71168.882,1
428687.0522,151745.2773,112638.2537,7703416.431,41577.78302,880540.198,846489.1547,377972.021,2216873.382,578873.5546,2397.721954,1654.559777,116396.268,339518.0934,698021.368,390681.1914,4783758.926,114619.7513,1670.565255,58201.61552,648.1097354,91949.27118,397119.4105,226579.2246,36725.94854,7813559.697,23336.13516,56140.25357,6037.375388,18712344.78,219676.4894,377543.381,25531.20673,3193.201388,165559.9545,1
444505.764,148876.2508,160282.0597,6796036.548,62408.89318,616685.7488,984300.0484,386248.8526,1005658.056,702252.6486,2554.68436,1779.236956,129761.1625,283656.1006,791852.2522,640269.9643,4504081.685,177610.3166,1856.898184,60796.29454,249.8580217,82947.51155,634196.0085,238147.9442,22905.1753,8545427.626,23077.30994,91153.86093,4310.442862,19214675.21,223930.9477,583645.1446,44511.70995,1499.879556,217420.5572,1
460579.7746,190900.9535,124443.4319,6330488.722,50377.67212,957036.1564,1340109.928,528411.1341,3051236.029,858215.1305,2148.232622,1721.101732,109498.3986,303631.5088,1021523.235,624723.3944,6828093.775,231158.8572,2493.605369,47806.32154,1660.34633,103710.2502,624165.5827,504917.2457,42687.33345,12012667.62,34747.74483,95182.17608,6753.569121,29646773.64,342900.2866,853668.0092,33078.7481,2567.320666,153255.363,0
353068.9223,144393.1713,102621.089,5919732.268,37018.14974,984106.6159,892529.4324,299441.8813,718492.023,1012468.717,1445.521655,1602.93143,75022.60026,360250.6896,738345.0913,579859.8222,5415363.611,140309.2113,1470.761476,41423.99502,499.1445473,76562.21758,387971.2755,90808.34467,36247.96072,10233024.52,32925.57242,81080.24982,3871.103334,22849948.7,192447.8146,478135.844,14112.88085,1391.410381,115923.1596,0
360581.3871,163103.0328,97545.39557,4093689.248,33901.33987,975820.2388,1247464.465,332911.1078,1632250.458,828947.6346,2596.927823,2160.584426,77703.06304,393260.8772,1059709.132,511379.3611,4618869.826,144481.3692,1406.82102,34599.99402,125.8418175,101224.6257,274781.1323,48561.3181,27222.76471,12082885,21716.05079,76816.21909,3491.928054,24571237.48,247583.8452,663617.0599,35381.36794,934.0286069,120542.4715,0
394253.4604,160898.1034,144916.847,5338156.451,87169.04823,862278.027,1473976.902,544253.7157,1337565.547,1186507.514,2222.36143,1725.103038,85448.47613,279129.1882,1037016.313,807810.1732,5438365.598,136776.4878,1537.083157,45664.52066,529.1221202,85773.63516,631762.5003,160393.1199,70631.18897,9587555.449,36376.12988,80095.98626,6347.723009,23715320.89,255700.4551,560128.8118,49059.53128,2305.448366,108764.202,0
336457.9048,161015.8454,119051.9821,5112704.874,54360.97071,1024838.285,912711.1887,348444.6333,964331.4652,869015.0553,1487.048653,2168.016614,115475.597,315866.3201,708435.4158,349413.4859,5310782.744,162538.1805,1344.401916,49867.33036,581.3301496,85872.26928,397686.6223,72586.75416,36222.18664,9081777.053,24451.80321,72468.02792,3638.975374,20652786.05,197712.5871,517676.8878,83681.12411,1589.144173,177125.8558,0
390356.873,142597.3281,106352.1131,5416128.606,37116.17324,902767.0989,877399.2064,411033.9611,881996.9094,672539.3342,2088.82108,1619.520661,83872.47728,365878.4533,731359.2341,447276.3534,5052691.822,174182.7219,2052.433689,55623.28039,500.9740072,93489.03235,609809.7174,268514.2584,36023.88211,10237744.8,26353.4122,69385.54895,5650.926429,22202163.09,220583.1142,430136.7691,35377.80515,1827.012877,117884.7091,0
324664.0226,162177.6271,87636.55128,5514213.712,34382.70861,808123.9641,947576.0468,420858.2818,1618249.886,784192.7053,2408.533882,2136.087757,56750.10771,419536.5298,749231.7101,450461.3017,4999793.81,183038.5829,1891.583346,30653.60811,507.6336435,77878.35093,426651.3257,160508.3912,28330.29621,8789460.852,19140.27053,56778.69228,2702.361665,18494893.87,218158.0084,517089.3939,49202.16422,1531.870295,86326.73209,0
426903.1985,149895.4056,90606.6436,4900833.234,70359.69325,939696.6618,819464.0584,322046.2243,2403755.599,757758.6327,2524.226307,1856.468717,75514.65335,218202.8602,651298.2417,688445.8342,4981818.011,153446.6882,1669.891493,36633.6672,62.16615442,90790.61206,414419.0574,144206.2287,73486.50417,12968196.72,25818.05177,96275.56428,3412.251678,25759174.84,278406.3128,581262.5456,33590.20192,699.3325242,109399.6905,0
361424.3516,131885.0534,173647.3711,4631825.307,133311.6719,1139477.629,854079.0505,308460.9532,1483475.227,567938.3182,2555.102793,1282.528956,79768.6558,293077.8564,625071.265,924649.6146,4310458.845,110709.9694,1006.205164,57454.24822,326.8992837,64175.25756,425168.0147,59345.09972,56227.97262,10929788.66,32657.7867,118922.1766,4104.559903,26290165.37,203635.3233,456955.0743,47211.95514,1307.694903,120751.8679,2
306390.6543,137133.7818,108481.6102,4273637.535,48360.96446,853103.0823,1004272.573,357651.1459,1241027.57,655546.0453,1181.662974,1370.226336,285726.1665,241772.1971,758124.3896,411399.1906,4819199.203,138001.9236,1294.428914,90535.11312,250.5763206,73432.05092,445299.6246,104332.7387,65712.71821,6875303.678,21828.52513,78586.27512,12057.22905,18969881.4,191753.0232,395162.0486,29794.35182,1050.127142,347726.0315,0
358540.2603,125767.8662,87094.18788,5932258.453,42346.98876,875811.8093,1200494.613,384653.3915,906947.3004,618981.642,1164.1471,1215.040294,140884.9027,314402.433,910425.803,416723.1657,4702690.88,122830.7282,1632.132902,66106.34148,1378.151397,69681.00311,686187.3331,676974.918,28213.63083,6431621.813,25048.31224,110867.1771,3971.393585,17323458.73,206742.9905,351891.5262,23847.01192,1619.658993,201451.8524,1
397418.9294,134015.3164,92275.03736,3458601.735,70226.52586,991945.2748,726680.6455,279333.9492,1283033.696,887163.3556,1266.905422,1416.54305,51386.97748,258812.4608,562514.3102,827351.2075,4654667.084,129418.9567,1537.163181,39157.25986,101.6702667,79556.43742,484890.1132,297126.6818,50700.13287,9898750.327,18384.22946,98747.44467,1632.033486,21025884.41,219837.8285,481605.2887,23772.70338,853.5562326,90157.78485,1
398781.5148,158516.8696,103737.05,5154855.727,43002.67809,909487.3999,944638.2218,342879.9765,1045398.683,809485.0919,1593.23763,1368.586305,125605.0209,232929.8313,776570.1494,596420.6708,4429525.227,140340.0862,1492.358685,51847.1782,563.385751,84457.07183,472625.4401,98852.5109,28202.83405,9552196.205,21770.68151,105830.0275,4026.008376,18572456.87,192240.1314,447392.1092,61938.87093,1247.331294,187944.1452,1
328138.692,153778.1788,132546.6356,4008547.958,30834.40072,921089.2129,938352.3691,311214.575,1651489.83,1264894.033,2192.156203,1604.161033,99313.55014,212627.7141,800322.4055,621983.5195,4673950.403,178750.9246,1387.181368,79285.43819,108.1203895,80872.03579,318812.351,50344.2469,65205.57441,8872229.366,31120.93759,94807.17707,2774.553585,22138911.48,241929.4888,538481.8057,28244.12119,1392.021996,193966.1969,0
426483.664,140799.396,111378.2179,4681442.703,46521.11163,886392.0443,1172017.316,320811.247,1365676.285,890978.495,1634.359619,1438.330646,97344.39568,302995.0206,966747.4197,526263.4895,4803689.325,153743.6211,1482.823739,37950.52294,509.989034,73295.63173,425919.3466,67399.04658,34826.96066,10183054.48,27581.10902,121916.738,8069.933816,25777015.95,258225.069,522232.0326,40152.3784,1677.845469,115557.5963,1
423982.4621,186875.3598,125443.847,4244295.398,57422.10844,941206.4326,868744.9754,591396.2858,1410126.605,1153645.269,5848.060316,1909.572854,151840.3998,301930.7737,724327.8702,307360.5484,5022780.655,205935.8112,1251.102058,92056.56319,272.8832016,102126.6015,318530.5021,32482.42176,24466.52576,10527061.11,43964.82247,66927.21539,4560.849923,21700369.43,197332.959,583463.3047,25842.01274,1899.197447,268498.639,0
280773.307,114794.0042,202843.8301,4357082.119,88285.51115,941226.743,969307.7239,218822.816,2330206.133,582463.6054,2025.911106,1252.644666,109527.8582,576134.6825,756329.9981,991628.6681,3912272.926,115466.7249,1182.545386,79955.02272,116.5112398,66374.90901,511390.0056,76665.01252,40234.51711,6537546.081,49433.75838,95974.29105,6677.042532,21452583.64,175532.3457,447000.6841,15236.28317,1502.314459,174460.8894,2
427090.2397,144837.157,125414.0823,5353976.934,24517.11877,908970.0403,982138.934,292394.5931,1904484.976,481511.9584,1018.672617,1628.370147,76421.23108,296361.3147,788381.2438,878147.5577,4913508.934,129916.993,1192.444909,40376.66446,742.3974075,87111.46696,397328.1513,182132.3087,45102.02121,8773002.956,14938.3386,72790.41285,5997.786158,19053748.87,208724.9079,418088.3695,32356.02878,1006.10174,103921.3982,0
336852.9988,136137.0639,77449.52792,3864754.122,41334.9391,933714.2918,733354.5631,358480.1366,1205280.242,698282.1359,1116.729467,1647.33048,64011.53176,240229.8707,621736.5156,493208.3761,4991798.982,168654.0621,1358.99726,45558.74443,747.6542447,97785.1881,444170.2779,116618.0398,29767.59155,7419955.061,26158.63227,77390.23134,3134.172933,19507914.62,185985.5138,460470.4125,25958.86688,583.8519341,112615.3261,0
386853.1511,131019.3997,86082.56288,5783558.208,67052.79944,1080928.864,1194073.731,363363.5247,1365926.179,745333.8293,2116.40954,2164.678447,99931.6478,322198.1401,883183.718,392800.2877,4751397.45,127921.3258,1265.542083,59468.14702,532.4831011,98761.41923,309282.0877,194036.5708,26986.65992,9436869.059,21563.67424,56625.08058,5911.512142,19247720.69,209778.5079,519894.5581,30311.42465,1020.724068,150880.0065,2
437107.5007,130030.1792,96038.55867,3267693.379,89581.53595,888157.6176,910228.0559,266241.6406,2363138.027,724815.2826,3005.566582,1542.532174,95938.8108,283546.4011,704375.2169,1226867.508,4464283.898,154538.4106,2319.339725,63376.92559,18.24755482,86399.45687,526438.3811,187885.4376,32010.67839,8830567.022,22690.15714,95958.82418,6239.780699,20945597.08,216333.5324,424766.9853,36350.20795,1024.268603,152669.3081,1
354127.7175,141765.9224,174423.8717,4845663.307,126107.714,1184127.456,814788.7471,318447.1023,1499704.436,598972.4095,2885.484094,1426.751303,80956.787,287618.6871,654317.3962,998991.5215,4435987.323,117328.6657,970.9810766,57848.59191,351.9544885,75673.53084,461461.6543,63549.76288,50619.05363,11640608.28,34206.85717,112525.0671,4163.28076,26748255.23,211938.7104,480545.7026,50242.40786,1434.920732,123868.4528,0
559984.2725,179062.797,144462.1062,5522926.525,43472.46903,790111.8639,1049925.107,536236.0558,1410019.946,811598.5561,2223.127657,1690.513032,81322.26921,322538.8534,796032.9967,683576.7276,5256293.682,209529.8796,3922.969029,41751.18997,484.3663565,75363.64083,850335.8882,655065.9734,45838.74072,9004601.632,23868.03008,74759.74146,4252.979733,21893564.32,262401.6276,502085.6849,21683.50923,931.6973175,124173.6122,1
404023.6104,136647.9178,122389.6226,4883042.824,51213.60548,985952.677,1028455.631,351103.5896,1066372.428,818075.9605,1046.422986,1355.233682,76322.3968,308552.2095,866127.8866,356753.4526,4381462.099,160598.6001,1897.542675,37282.92824,491.0259928,78300.6222,468611.4491,313119.31,32576.83743,6706685.037,19276.67011,66651.61883,3606.806878,15962112.62,192566.8157,362631.1967,30266.98786,1484.002935,96679.68102,0
467742.9741,145139.6444,122414.1906,5475436.122,35198.37543,995750.6156,729720.9526,326252.4397,2093845.977,740039.8557,2009.866274,1583.531134,41489.4134,200664.4127,567109.356,458640.4928,5537526.571,252865.7487,1520.732141,23132.86135,320.5845481,92291.16149,349111.1213,58075.67791,19936.92068,8895031.738,23429.10368,92585.05618,2263.039652,22935420.6,261862.0239,489006.418,31573.45187,1187.98147,58158.13231,1
392839.2289,170046.517,134832.1976,5011419.974,51967.94247,1029839.113,1005755.388,374318.9573,2481083.302,476134.6793,1489.107973,1650.599623,135754.1698,347172.142,795247.7682,388020.4547,4369201.85,158479.4617,1813.02363,65756.57365,2414.851247,99316.62749,620719.1287,304508.1282,48232.81175,7729868.937,25231.24167,66800.62688,6586.459765,19424622.93,245408.8791,464543.839,26178.72719,2581.957115,192375.1078,0
372344.0344,141896.9485,178232.1949,4904811.233,40657.77841,914151.6368,1073452.831,291115.148,2044984.033,732147.6886,1919.890015,1408.800681,60039.14861,231203.8234,858081.6985,573368.6819,4701319.073,179090.2408,1185.789544,35847.43611,166.4901603,77450.41532,521736.2128,291344.884,31673.49161,8470394.131,32443.62303,73830.79032,2095.99024,20451211.43,196875.6379,489521.9529,23778.63491,913.2073881,90095.97038,1
321722.2782,129770.427,119828.6927,4913263.478,90703.90919,989457.7982,734706.9506,338768.5496,2339440.262,694692.4074,2158.775738,1396.126585,22015.02118,205476.3067,547916.2124,763701.3283,4935044.571,151157.5093,1447.385024,17908.62325,1655.341822,78334.00557,556794.8068,336486.9551,66541.46098,8653572.664,30135.41675,95857.29339,734.8040761,17602462.1,166312.8211,389270.3057,26623.06086,1199.658274,40060.01853,2
408654.7488,163067.9193,121951.4059,7477654.215,67058.09589,1107829.824,864810.0965,469250.293,788738.2311,1049294.225,1608.350544,1640.299243,56985.28498,194755.181,684055.176,761339.0245,5179458.047,176691.6117,2751.192111,31958.03611,748.9967609,78867.71671,686499.541,883572.2453,16814.10375,10858255.43,32608.78012,92658.03367,2044.289789,20001946.73,213304.0198,532462.0914,22767.87309,1310.259325,101013.7822,0
303866.9309,146887.0573,83039.27418,4684902.633,44590.97011,730799.4318,1387367.451,347961.1815,1404505.238,757927.6041,2299.671707,1604.745404,26386.45526,325824.4623,1115085.182,667161.6954,3908523.28,145463.4181,1550.399704,16468.90367,379.6595104,68641.63441,450194.486,295155.61,61652.91238,12671207.52,23843.30264,97506.17075,976.0345309,21737356.91,200014.2899,471336.0077,21845.09149,1826.071379,38443.19686,0
355782.4522,158617.2967,105211.0051,4298887.731,58488.91203,839908.4472,766694.2928,300863.7625,1363783.425,985294.07,1412.721334,1508.434873,55343.4811,349839.1725,649998.1013,693433.7722,4600462.32,129910.3738,984.8732704,30071.91315,469.9814852,84869.90398,378883.1064,32629.15853,46690.15328,11957178.44,29986.56236,121539.5142,2006.501272,24444367.87,261419.7667,513727.0521,20559.87242,1146.558021,93060.33009,0
380586.1776,160543.8294,116392.0069,4304679.331,40022.99394,846666.3638,1238696.231,483631.0814,1077928.947,808222.949,2247.097569,1897.703039,129822.8903,277129.2501,941402.2043,354918.1049,5038787.708,179434.7126,1847.339775,43723.8597,447.5292752,81202.55097,461994.9006,229534.2478,94592.72568,8497345.319,23384.37339,90855.49722,4628.904115,19354230.13,207147.9268,578420.3354,47098.62063,1152.918918,161204.0315,2
329331.5303,105049.6443,77938.65354,6435877.018,79184.2676,825605.4877,765128.4585,359354.4656,1229419.231,607701.2859,2041.942674,1612.190613,32560.43456,237021.5838,586517.958,860863.4964,4649591.267,136711.4846,1272.888315,40350.03911,179.0980199,67147.7631,413551.713,59219.53863,40906.20815,8560900.654,27700.78074,75978.69419,949.4630289,18547172.74,203763.5516,445108.4873,33707.7881,1931.340959,64731.09113,1
286151.7746,130181.9772,107245.7398,8207195.32,75786.76793,871709.1842,1421330.871,370026.9679,737062.3531,816492.2567,3190.774927,1561.286282,74761.77362,322704.496,1135462.174,989361.5349,5100079.758,167961.7583,1874.315137,38874.46348,494.4330018,83462.9473,437549.9725,143851.4498,79238.62145,9425215.353,28171.65917,79253.78954,5356.494351,20890981.1,165231.4447,486379.0233,41850.76469,1608.263856,115022.6019,1
371536.3096,159814.181,105816.2602,4657897.737,54774.93644,937267.1665,579904.8917,311798.5994,1264957.281,881935.5628,3839.38543,1996.303029,23547.53319,417474.8454,483711.9429,714236.4753,4574535.439,231757.9008,1821.582322,22193.29188,56.16370394,96594.34976,400977.213,81910.9085,118645.0239,15698183.89,36619.34192,82524.68593,1421.841873,33171422.91,297901.6319,783278.1231,36571.61382,1903.42545,37777.70227,2
377933.7477,158897.2575,71211.88028,4004335.712,91893.59743,913160.4725,804833.747,347727.7523,2736346.484,1028198.889,1647.631164,1577.796811,19581.62888,232205.5256,644873.0134,523086.8451,5100404.205,247778.3857,1858.963698,10649.37612,729.6672745,90787.35892,484314.6297,257398.2707,34524.05632,11663964.6,24215.09052,89259.84759,521.2245269,24589898.29,298881.3481,627059.9096,42628.96349,1222.547208,30928.42144,0
435026.952,139601.1064,87330.97144,4337779.542,34783.28934,988402.0094,684724.5039,239359.2717,2159619.077,554287.9744,1283.11906,1359.73102,44234.00695,258626.5026,501889.5313,334222.8524,4781682.984,249992.0017,1525.437825,24991.07826,99.91869733,82463.33664,385918.2601,206686.1071,22361.07945,6554878.029,14547.40524,66078.04307,1687.637711,20010733.88,221895.6795,459557.3762,30804.55363,1378.649363,64938.98224,0
374866.5722,134722.0615,78566.20225,3671979.225,47391.436,760863.5666,1015691.412,518342.4863,1350963.505,898990.4196,1721.192754,1683.577933,73498.39573,268465.8363,777753.228,654350.5602,5206346.945,102818.9463,1744.561795,41510.52689,579.8235916,85629.24748,406734.9543,165427.7597,62936.34615,8682633.023,24289.04262,76930.39927,2489.064077,18989889.23,185006.1447,389379.7223,20523.99054,621.4609981,112939.7476,0
368098.0058,174567.6658,132415.3213,8576658.291,63132.77639,806153.3605,900483.6008,371446.4813,695214.4413,983298.0961,2327.440524,1761.692414,80426.90642,300806.7179,715742.8486,1170975.776,4848549.908,148468.7912,1617.683663,39980.49893,239.2175676,94818.03699,470408.618,169206.4561,53248.06317,13338960.66,35240.62912,103430.798,4908.005386,22932992.25,225296.9137,657838.9539,24613.15824,2153.828304,112383.1107,1
438879.4325,165238.6308,101433.8354,5167578.484,36262.13013,887482.6456,900505.6062,376940.4271,1067159.875,923335.6343,1988.369373,2053.816372,42873.09435,204019.3282,701778.1777,425808.4824,5790176.63,210847.6173,2034.823698,15527.58977,1445.508469,86796.49777,384024.9465,72472.58411,30198.53021,10318182.14,24905.00487,104396.1852,1538.866686,20168740.67,285709.3623,650898.0924,30737.70577,1858.107248,58901.16258,0
368172.9039,127342.1585,96807.57187,4839281.557,108894.3301,903800.9994,879077.7285,399422.1253,643106.2569,822875.3667,5094.410597,1798.418517,123476.6976,605189.1993,702902.6184,788359.5728,4697029.622,119512.9304,1239.674445,68676.07926,415.0752612,74686.82205,417489.1021,48035.5081,56438.68716,11280755.34,25221.50484,96790.92767,5922.506947,23729939.92,215713.1494,442478.132,28083.22861,1705.329531,183563.1772,1
354626.1545,127323.8535,98364.30722,5551874.012,52757.56266,1050192.718,511480.0873,217597.4064,1743176.565,715473.0806,1280.252687,1281.700349,37147.21893,199652.5946,404523.5107,588596.0453,4449679.011,136919.1965,2025.139113,42662.12901,696.475642,82226.63087,501085.1991,364303.1241,32936.72895,6441228.354,48892.89725,96376.43128,1109.031933,18893144.8,182593.8442,437315.0906,25566.24152,1049.282755,76522.63742,1
290439.3961,160950.947,107985.3324,6626136.691,60847.37544,916726.0537,1230975.442,264150.1766,1363247.525,786538.2729,2118.202049,1173.439875,92823.75697,284421.6185,934821.9547,926046.539,5983728.126,109465.2855,1245.39254,46314.82523,459.1140101,75401.29353,378166.1164,47885.461,58535.38138,7677703.896,23897.57346,72380.76578,5896.848145,21969671,194746.2973,454986.2841,35529.18022,521.0516994,110522.594,2
470453.792,142488.3906,109725.8206,3906464.884,79443.93058,956360.0742,773444.6494,377349.3447,2661575.568,735497.3318,1569.26507,1874.647227,162550.7846,360957.2544,637723.3779,446352.297,4264727.027,150419.3842,1432.090526,68120.63355,78.32831793,82126.89954,430502.8354,83168.62651,55863.87944,10135215.46,25970.55818,68073.22569,6510.511004,22217809.02,218381.5183,551947.1122,46799.67145,1038.038152,247442.8268,0
318709.9188,138146.7413,68005.29177,5458761.762,63697.95327,897153.9254,822446.4045,481313.8678,635628.9968,757276.2099,979.1383755,1646.240628,134882.0507,230127.2447,616234.5206,297433.3041,4346509.776,151366.3679,1337.884204,46402.23219,1712.297051,85072.59396,376932.5955,103772.2785,27879.19355,7461562.805,22176.38534,67967.11138,4151.230279,16504685.26,185906.2315,439576.0535,15498.2336,1622.475545,188897.9544,0
486330.0561,121591.2334,98195.6348,6348266.394,36094.45174,659053.1405,870701.673,336723.7709,1332968.006,672720.6787,2726.6734,1600.327374,76969.15684,248612.6092,711525.1,503883.0647,5475988.098,149552.6591,1647.966118,22908.31056,829.5615408,87312.9594,425191.6775,242112.3847,31929.48823,7936952.142,17237.22205,62865.18472,3567.313824,16853532.56,208569.1937,471074.3645,47435.62971,1307.259777,93791.11264,0
464716.2232,152265.8516,114395.9244,3269653.649,56621.42943,1032829.762,757521.8505,305645.6002,1790301.094,864133.5723,2901.618686,1861.269999,86296.02145,308166.925,606365.0729,720301.8212,4771684.407,160176.2283,2664.598869,42827.95309,125.9005134,93459.97524,554621.9183,356599.7244,43281.80671,11870652.47,23672.19582,97933.98808,4173.741476,24087263.23,253602.0887,697644.9001,58544.71344,868.962606,132106.4768,1
392022.1313,171954.6736,91904.13159,5198367.747,42961.44245,1064013.56,778413.2194,336206.0463,1607563.118,657079.5512,1429.758864,1725.354862,29342.18677,222788.7648,663292.9365,311369.7102,4701449.886,158145.6663,1674.553911,22248.96596,558.1067855,82712.00861,307445.6138,227188.023,26232.52885,7435938.955,17771.47048,47693.06343,1093.621724,17418355.09,216911.366,476911.5532,36762.82233,1463.718547,49056.10779,0
320937.2664,147094.0244,156264.57,5006253.303,53684.02444,907208.7366,1227424.904,396867.4553,1266701.5,930798.6057,1679.351099,1504.893996,101574.8013,279060.971,941468.8816,570483.1203,4490422.616,230445.6322,2117.828024,41326.35337,336.6540021,69954.5071,714607.7789,224169.0581,33665.65322,10751397.15,31721.9999,82470.12717,8685.839708,22381657.79,238921.7213,501952.6282,30881.26997,1539.171709,117159.3439,0
343298.0691,148197.1689,103811.9843,5959751.385,40190.74619,982118.7554,783694.6366,388038.1655,1416457.313,1019022.096,3163.505991,1684.930168,50605.29701,273834.9687,668975.6524,988234.3472,4949110.931,154224.6332,2446.260659,34750.50711,793.8469378,76678.9796,625308.2283,488624.7655,52065.14445,11542586.84,33102.39462,78190.49293,2576.161927,27237720.48,241097.3792,606214.9013,22074.4512,1285.190887,74311.17493,1
313052.5163,155294.9887,132531.5556,4423886.394,63233.78173,930959.5244,881695.2277,349350.5365,2025026.557,652248.8099,1617.154621,1591.921819,106237.9028,266939.1466,694621.1229,524200.3064,6012636.543,248929.8807,1185.984814,49352.01987,301.806337,84025.50746,369990.0732,64223.15231,45525.34523,9189353.762,24069.1458,86008.29211,4506.907501,21132681.37,207304.2033,518842.8319,33309.14404,606.8252674,151307.7333,1
357577.6283,156925.0155,136514.7457,6592963.604,46072.06634,668777.1531,1361628.123,308163.9552,1168933.822,725419.0811,2738.369243,1397.669905,60640.71352,333920.272,1081445.812,903048.7889,4653206.378,108986.2068,1828.423805,32650.9685,688.2024685,96473.41866,500926.243,242854.5842,49705.25174,11247716.94,20650.1926,122996.3404,2328.575849,24614856.46,305479.5534,645283.3576,23080.96338,1906.0832,102479.2958,2
333573.5031,174534.938,108953.1366,6043472.005,42775.73247,767731.938,832398.0864,340855.4363,1561487.28,756225.8982,2619.371417,1578.357138,66202.87012,308171.538,682739.4358,766653.7346,5304575.289,141604.849,3357.929061,35272.01199,417.2810727,79632.39353,566491.0244,293477.1124,42378.55019,9260623.303,23865.14911,76714.50636,3589.33287,22743064.53,226436.5448,593648.6019,23294.83622,2260.331872,97753.52063,0
371436.4306,153568.1557,90252.49203,5450618.094,57994.73911,993029.8798,792001.958,348200.9785,1528994.518,467328.7865,1048.056946,1673.16504,78205.02093,244698.0839,640056.1273,300139.1478,5698583.937,177440.4637,1889.26319,42430.80753,19.10100989,94440.03835,251504.4081,187962.4589,19927.14731,6799300.779,21327.26136,89453.79328,3902.006608,16038285.03,228136.9614,573114.0209,28321.15908,376.2621808,104494.9491,0
333421.7802,131659.5654,126404.2616,4232913.108,50954.92237,1030446.167,736862.6726,319568.6632,2305165.188,567413.4206,1625.659281,1857.915129,66339.71778,295417.9832,575224.9611,892095.2149,5051959.457,179349.3641,1443.48007,40745.64589,240.8002609,74089.60119,508623.2149,133334.5113,39076.42748,7880384.992,25282.04983,79408.99911,6741.734847,19371255.92,170112.9778,485323.8287,35988.29537,1049.838755,83968.93796,1
343692.0587,162551.3393,86108.37326,5415716.431,38247.32741,775330.1587,984369.0462,438415.7145,725688.408,759560.7482,1190.235433,1393.166138,184558.1819,405154.0435,715684.5557,234616.832,4803116.249,144145.6238,1574.91772,72058.0882,94.14428956,84292.16524,465682.7672,215525.6744,15874.84261,7498803.143,16747.34875,60138.29719,10094.24002,17946240.59,173673.672,433750.6677,40463.82128,1047.954939,243090.3149,0
363105.8537,160973.915,123202.6993,4862313.395,69283.06978,922250.6895,911605.5,306942.9192,1985711.79,593059.3179,1844.852193,1488.049418,126851.4648,260913.1965,708885.6805,577274.3247,5162576.737,167191.8045,1202.411671,69445.4461,54.69329987,87609.74911,484021.6789,133420.0867,31624.3144,8948863.433,24728.49584,88694.43202,3289.538042,21652593.93,244339.9999,499646.4409,35568.19368,691.6720007,207066.1738,0
383533.4089,126561.5097,113576.8895,5044333.772,65426.09651,896221.9735,989317.5503,448079.4859,1449116.518,764142.8085,3203.131626,1432.603264,275933.6102,302910.3475,774468.584,539378.4014,4541683.203,128220.0086,1368.433679,100200.5937,356.9522278,76616.08086,572914.4605,197240.891,23102.89883,8882600.844,40197.07303,78812.33688,14471.26146,17768622.83,200370.5125,397486.9782,28746.20238,1059.421374,353080.4992,1
332716.6939,121062.3326,154741.8771,5042182.323,47387.52784,851576.185,872576.573,320968.2751,1375449.483,842557.4112,1359.531513,1493.438517,134581.7613,341172.6817,712006.9174,675114.1878,4451086.162,152770.4265,1688.345174,53571.94537,106.1975263,65557.24919,436397.4152,129125.8782,41295.48193,10440865.54,24508.36879,91775.14498,6633.351058,20567017.7,172751.8193,409143.4079,17180.40163,1288.052153,180957.4537,2
395821.221,140737.147,160005.5775,5025772.029,45453.59899,716205.4118,1444743.678,366649.2385,898717.6377,904513.0355,2171.998348,1772.955842,96554.57435,232797.4396,1254904.838,600421.9656,4043067.224,206039.4808,1219.006639,55019.85285,95.421385,91297.23374,469248.8665,65002.14844,40410.4083,9489703.776,30112.42538,96715.51473,4175.052617,21430336.57,199094.2098,487259.0838,26929.3937,541.179095,144241.8122,1
427062.9431,204587.2435,107706.939,6052124.556,35962.63323,1062409.877,925929.6752,333192.9861,1054828.011,798469.2185,1551.952428,1568.489344,70257.76448,410758.5503,778572.7413,579650.3769,5238337.378,170138.086,2110.180051,37184.86672,499.2137898,99443.78764,593786.685,314495.1262,36964.84222,8190570.296,20554.91687,68496.24135,5241.908401,21565359.57,272188.4547,545403.6047,44236.98846,1817.143114,99112.99109,1
430845.6734,153680.2375,146809.4854,5085024.557,35438.35898,832388.1958,686995.5536,304857.3138,932964.4316,850319.3118,1791.968309,1367.42614,23774.53185,147823.1795,553424.4042,475426.5002,4275202.781,180663.4573,1991.260529,15037.71949,1292.576943,68462.96381,538908.8298,95835.3918,18163.41817,7456314.34,14313.24499,82688.68457,1499.039982,16986647.26,184526.5024,346771.5351,13432.49718,930.9562303,33951.71153,0
368350.8571,127892.887,85278.94347,4889642.837,30650.02604,895193.645,1157138.857,319282.013,1114660.494,693357.5833,1871.054909,1341.387075,70192.18587,276199.8174,918881.875,552679.8214,5053407.142,117967.477,1630.681557,27113.67509,398.1209035,87811.25741,425156.2368,95998.80404,37308.87477,9214523.677,26786.6726,81919.8536,4783.16632,20557963.14,204642.7928,384219.7627,19368.15047,1507.126894,85004.90087,1
285137.9972,145431.1678,95047.4019,6020416.735,43213.28913,898091.9535,986559.6045,271175.8119,3514059.69,1119886.593,1291.651988,1705.032985,97245.4075,286908.2173,744158.3748,525778.3569,4657884.607,159429.851,2142.291153,36426.58623,377.3644076,79679.85588,794008.8261,259965.8662,24670.74844,10566805.21,32461.89659,97802.15586,3966.945169,22283440.57,196137.589,494046.5083,65649.57588,2145.845312,128812.65,0
314151.0624,145161.9895,117097.6302,3833587.573,75297.27308,922795.8729,748896.6702,390462.385,1213638.008,993189.1768,2873.146742,1364.621393,85115.11837,244912.2507,610826.934,751394.0963,4687051.299,138031.4452,1640.186852,60097.14141,72.3442659,91118.96632,514079.0287,173550.5752,36490.56926,9734317.569,33765.06466,114626.0993,2821.293247,20348280.67,191949.4865,490005.166,30733.29477,1384.483732,148619.4707,1
370347.713,144686.9866,82391.94253,4207066.046,54391.88128,857814.3197,847254.6947,452724.8362,653875.5157,839001.8387,1588.496691,1693.039403,53725.60824,217335.8252,618116.0251,455493.889,4579400.646,160525.1653,1906.44296,27687.1794,170.9298774,84438.15439,376431.887,431198.4254,35057.86272,10308905.58,23561.31939,108000.4196,2824.961975,22768794.99,207681.3509,613006.8286,34059.46683,1947.653811,76486.47164,1
358292.7565,166693.6786,120751.3808,4695937.161,54749.16831,944086.7951,852244.5305,347711.4505,843426.2481,909205.655,1432.745683,1902.587518,103896.3818,302446.1365,580925.1897,359425.5819,5351472.219,165126.1579,1406.265045,49848.6003,586.2779511,84484.00119,390500.9524,71693.55136,33459.16943,8967399.84,23929.72165,74786.47929,3134.95403,21838792.22,223683.0732,534325.209,85710.69604,1512.705578,172463.6778,0
308663.4384,127973.6421,112234.0428,3520520.404,55646.29307,991319.3294,966846.7206,288884.3303,2890419.96,577036.9772,1289.2925,1570.088008,26638.4586,258941.8114,749298.8985,763419.3659,3503877.972,153859.385,1568.697952,26259.20748,377.9070661,80367.40208,563998.5612,157767.8144,61574.00792,10262381.95,22929.81718,109131.7877,881.1371959,18748180.92,229656.8346,430583.6915,38074.04681,5015.738021,44025.98196,0
235161.1346,150078.7714,70812.16754,3145424.665,28544.89429,855048.2676,1039008.76,328934.3571,1362280.994,1130155.514,5279.46409,2556.332013,81686.23875,241222.5913,837609.9599,579877.6375,3675060.801,149483.0876,1121.438386,43856.324,305.4646036,77992.90233,158456.5551,8943.053136,82209.12052,7498510.263,30048.41303,59824.63156,6875.501328,18194021.51,169645.1246,524797.5288,19205.67045,1673.604728,108212.8556,1
345326.8698,135115.2149,101516.316,6135682.585,32862.88432,927697.4014,862831.0497,309546.7866,701381.8342,1026387.18,1614.928071,1565.647583,67113.03141,386576.9924,660246.3257,618937.839,5524365.871,137454.1373,1406.799131,41213.37028,492.8554527,78397.85083,409373.6424,85395.86613,40885.69275,8796821.644,31765.26342,82898.64583,3814.724398,23567052.2,198105.7905,471033.118,13694.26766,1274.228721,117012.3317,0
320159.1678,164201.8701,94416.0727,3418730.673,27459.84572,783992.3004,923762.6833,365510.3223,1525529.403,823211.1052,1219.975439,1606.256987,53080.83165,291038.8724,727832.5138,447620.4425,5492788.566,131079.3629,1450.840811,25677.57799,727.5381994,85666.15989,397749.2618,78182.46115,37297.08708,9422739.488,25696.47819,75207.10225,2622.755418,20775901.52,247803.1339,451640.754,25724.11014,2430.914782,71945.34886,0
296620.3318,144848.5275,98143.0788,3583796.88,110057.9131,923197.6944,952705.65,243744.2201,1220919.692,651158.9642,1804.299418,1353.351759,34078.89873,248642.3513,780206.2697,637568.9493,4382896.795,118024.1725,1278.15972,27026.87208,240.6705915,77467.8495,579835.3729,140279.6393,39077.38218,8235341.22,21908.43823,100765.2105,2772.696653,22118959.24,233120.6379,391388.138,33427.33086,954.6082717,51562.71159,2
347963.2793,150763.0478,93318.70754,5060124.163,54266.09096,837290.5105,1120146.53,325858.8783,1336658.244,644447.7871,1497.839174,1641.308272,53597.30397,223459.7543,822770.6633,805435.3219,4434622.833,125701.9376,919.2761418,35969.10746,838.9465542,75443.41222,469461.4829,61904.21571,46029.12351,8102759.531,23486.61732,85692.23229,1439.255384,16175083.61,184824.099,384776.5719,37252.6229,1175.933448,86103.26454,0
416700.8606,126980.6154,108061.2394,3986595.401,56041.63918,937150.256,1159931.336,452307.4996,1571104.724,932904.7874,2523.880487,1771.628784,101881.6464,281883.6984,946109.4985,784043.8955,4839525.774,128802.006,2414.066073,48965.04148,288.2896092,79988.93683,459415.9127,333124.1228,52879.9182,12362061.85,34237.99836,109928.814,6986.910876,23347460.4,229708.7239,483443.6782,27108.61276,1303.805604,128693.895,1
274982.2055,152775.7235,69608.3803,5019620.648,35592.91089,781495.1936,886347.6213,271908.8256,1057703.174,804559.7416,1019.11819,1581.306846,65455.97341,264755.5921,670755.976,621178.7632,4329423.206,160037.5794,2196.989909,38710.6012,200.0323246,73362.21436,518159.5165,430992.3918,52662.45405,8240863.783,25736.06506,80723.67226,2382.616859,19998949.97,224203.1769,451690.3055,34170.85456,1069.249182,103392.8747,0
460279.3973,159599.5758,95538.07289,5196780.695,58047.34603,1009531.911,1071926.624,298118.8808,1762562.126,569660.5996,1241.977572,1378.96095,80459.04473,365781.145,840349.4802,493502.2645,5729669.143,132816.5333,2144.326755,56685.96327,794.8170675,83637.56949,541223.3761,355273.8106,21591.59803,7018958.553,15855.56055,73622.60667,3681.385766,16963714.44,181449.8835,433610.8875,12461.25993,1260.818222,109313.9989,0
327703.4289,123626.3412,101427.4829,3430497.972,30964.72297,617182.8473,941771.5192,285529.7215,598279.2653,897966.9495,4031.656249,1227.797061,85320.89357,179109.9633,812380.3633,361134.2532,4132974.738,305677.6748,1538.554827,27115.06489,154.9636266,78689.73745,465130.6213,219039.3318,14154.70518,7685712.654,21559.14081,81023.65561,3724.670131,17026000.62,151376.6235,415937.5001,20718.04999,1193.885081,98062.6332,0
373624.4475,189772.7492,125055.5461,4924699.727,81781.48797,882451.7142,1287430.969,328591.0962,1515386.171,876272.2987,2084.371528,1803.165725,99371.033,421106.0349,1010713.81,834937.8994,4640808.518,136885.7525,1262.064942,55421.4764,207.7577077,84783.78637,435902.1332,39358.06421,67026.76045,9788162.584,27021.6113,84154.96345,5667.205294,25089720.85,250416.1878,572002.7918,32956.5938,1242.652773,150022.8207,1
450198.115,162920.7209,87032.41639,6292919.777,55653.50509,876621.6589,1655242.555,488242.6033,1185782.461,784830.1585,2754.895741,1615.219032,113381.2406,420561.1887,1325473.383,575130.2539,5417077.364,157224.8347,1592.521212,50945.31363,491.5435884,85739.02037,430771.2059,38907.7749,26755.67459,11058611.81,23391.52587,102982.4497,7288.615674,24894902.42,258169.8907,530104.1733,28283.09159,536.4752776,161473.8979,0
356089.1021,125183.1583,103122.3578,3792888.375,42241.42229,697505.546,1084446.129,377077.8638,3096773.638,779777.8829,2192.827332,1410.629763,69874.68992,254652.478,846043.2898,637735.3004,5426401.057,159247.3473,1459.660584,40757.94833,370.417518,77949.59233,589596.0461,230850.0143,36555.1915,9701314.357,26530.49257,108480.108,3600.860307,22413394.37,227604.0139,422248.2718,34575.74293,1016.680574,107772.1158,1
349994.3002,155343.3308,123897.2392,4509261.245,87000.99362,1005262.994,1023554.085,337229.6826,963957.2834,889583.4465,2463.803069,1651.969948,58920.00877,301390.5298,900967.4203,1192441.761,4767802.398,129121.838,1534.895817,31632.7367,272.3199174,74072.3788,590647.0063,142488.812,64789.99786,12895660.01,36238.17553,153083.1621,2111.188909,29109201.25,217808.1306,649455.5299,21837.89033,566.2171825,79119.35929,1
500257.795,175185.2317,149739.5704,5711772.886,82164.31805,1210100.867,1112901.716,481742.8762,1723164.899,651565.7501,2469.009931,2019.684102,162632.8377,349382.8877,863345.3752,702406.3127,4404871.508,182672.3615,2383.59708,91797.58742,833.9257278,92174.88985,580342.9518,136754.9813,55645.09248,9363353.302,24077.43367,81406.29194,5737.343946,24086299.38,213424.4254,666249.5421,23885.95091,2736.762797,246944.6219,2
288017.8277,153869.5127,99599.95193,6521326.654,48735.6604,866321.0403,909003.9441,316190.9112,1355235.884,905259.4255,2644.270165,1931.733662,32801.37331,275911.5989,707721.6627,697796.7078,4318986.532,169516.478,1661.116953,25743.84684,1067.56956,73945.76834,435082.9132,286121.0796,55524.95121,10802124.58,23841.39558,104496.4284,941.5556979,20640209.91,240315.8158,554078.3233,23170.14999,3533.048002,76131.90209,1
221016.1814,158058.8065,187920.3363,3897030.163,70403.80056,990874.9827,1421783.437,344520.3266,1818002.789,908858.7057,2004.830802,1339.954162,50166.37662,223295.1267,1160208.121,1260403.248,4039383.567,172021.3253,1526.29665,50331.31261,855.2033201,72136.76493,1037460.882,76895.36567,67503.5553,9086776.721,27558.22809,167115.2476,2402.080618,18661644.42,202883.5368,425507.5599,41159.23617,3262.36255,76617.28473,1
355146.6007,145271.3865,132600.0428,8915220.335,55726.99805,1076656.663,1154221.011,469334.5029,1972999.624,629851.4814,1273.634466,1738.482033,102585.2826,388350.7521,933643.9173,537512.7331,4856618.267,188385.1868,1307.794057,71742.86996,420.2706196,79707.41519,521341.0974,112691.8855,35054.36691,7788430.717,40669.74744,73129.85055,6354.600694,20881250.26,236835.0909,520808.7779,45496.00368,1198.888239,179894.2772,0
462085.8292,149459.5041,125124.885,3841195.502,37031.60455,1024315.554,899972.3991,343686.8691,1478076.32,845160.1854,1814.024371,1613.769904,119478.1443,283597.983,724128.0826,532627.7257,4814411.014,187888.8853,1165.357407,43872.1971,1403.674929,71287.24048,317804.6067,55834.9244,14883.53757,6825286.259,24612.29535,110497.688,7061.919818,20323654.02,216507.7928,487196.7453,35003.31256,1451.762761,150237.7512,1
